,0
0,강동구
1,서북구
2,아이콘
3,오금동
4,충청남도
5,동
6,명일제
7,수원시
8,당감제
9,독산제
10,이곡
11,좌제
12,광진구
13,안산시
14,송파구
15,성남동
16,장유
17,금산면
18,연수구
19,위치
20,단원구
21,금천구
22,구로구
23,신대방제
24,장안구
25,서구
26,화양동
27,평리
28,일산동구
29,신도림동
30,울산광역시
31,중산동
32,광주광역시
33,창원시
34,전국
35,광산구
36,별내동
37,장수서창동
38,수정구
39,해운대구
40,김해시
41,남양주시
42,대현동
43,중구
44,부산진구
45,혜화동
46,본오
47,경기도
48,영화동
49,남구
50,남동구
51,내외동
52,대전광역시
53,이동
54,동구
55,수진
56,장지동
57,광명시
58,물금읍
59,진주시
60,대구광역시
61,쌍용
62,군포시
63,상록구
64,수암동
65,진천동
66,학익
67,동작구
68,종로구
69,시흥제
70,경상남도
71,진해구
72,인천광역시
73,고양시
74,부산광역시
75,성남시
76,우산동
77,천안시
78,양산시
79,달서구
80,홍제제
81,소하
82,용현
83,동춘
84,주안
85,중앙동
86,석동
87,약사동
88,서울특별시
89,둔산
90,양지동
91,서대문구
92,서북구
93,익산시
94,아이콘
95,충청남도
96,동
97,이곡
98,동백동
99,광진구
100,안산시
101,송파구
102,서원동
103,성북구
104,북구
105,일산서구
106,부천시
107,위치
108,단원구
109,금천구
110,동안구
111,서구
112,유가읍
113,신방동
114,충청북도
115,구암동
116,봉명
117,의정부시
118,창원시
119,전국
120,부안읍
121,주엽
122,계양구
123,장수서창동
124,안양시
125,용인시
126,평촌동
127,남양주시
128,관악구
129,도량동
130,아주동
131,청주시
132,다산
133,상
134,경기도
135,정릉제
136,남구
137,거제시
138,동대문구
139,남동구
140,동남구
141,대전광역시
142,이동
143,장지동
144,구의제
145,흥덕구
146,전라북도
147,진주시
148,상갈동
149,구미시
150,대치
151,아산시
152,답십리제
153,경주시
154,도담동
155,대구광역시
156,쌍용
157,기흥구
158,상록구
159,임오동
160,온양
161,관저
162,만수
163,진천동
164,송산
165,달성군
166,함안군
167,영등
168,황성동
169,시흥제
170,경상남도
171,부안군
172,진해구
173,계산
174,인천광역시
175,칠원읍
176,고양시
177,천안시
178,세종특별자치시
179,달서구
180,삼전동
181,강남구
182,용현
183,중앙동
184,내당
185,석동
186,은평구
187,불광제
188,서울특별시
189,호평동
190,경상북도
191,산격
192,아이콘
193,충청남도
194,오금동
195,동
196,여의동
197,송도
198,묵제
199,상암동
200,광진구
201,감천제
202,안산시
203,송파구
204,장유
205,연수구
206,서원동
207,진량읍
208,순천시
209,성북구
210,북구
211,호성동
212,위치
213,단원구
214,합천군
215,사하구
216,서구
217,마포구
218,화양동
219,일산동구
220,신방동
221,노원구
222,울산광역시
223,중산동
224,광주광역시
225,창원시
226,의정부시
227,전국
228,광산구
229,중계
230,나운
231,덕양구
232,장천동
233,용인시
234,김해시
235,남양주시
236,대현동
237,관악구
238,다산
239,혜화동
240,경기도
241,성동구
242,남구
243,동대문구
244,전주시
245,동남구
246,대전광역시
247,첨단
248,월곡제
249,전라북도
250,군산시
251,덕진구
252,청학동
253,구미시
254,아산시
255,처인구
256,답십리제
257,사상구
258,도담동
259,영등포구
260,경산시
261,대구광역시
262,임오동
263,역촌동
264,온양
265,풍산동
266,선부
267,종로구
268,경상남도
269,호원
270,진해구
271,인천광역시
272,고양시
273,부산광역시
274,천안시
275,세종특별자치시
276,전라남도
277,모라제
278,마장동
279,삼전동
280,합천읍
281,내당
282,화정
283,석동
284,은평구
285,서울특별시
286,중랑구
287,둔산
288,경상북도
289,유림동
290,산격
291,온천
292,아이콘
293,수지구
294,아라동
295,동
296,안락제
297,수원시
298,송도
299,거창읍
300,검암경서동
301,제주특별자치도
302,포항시
303,장유
304,연수구
305,서원동
306,부평
307,순천시
308,서원구
309,북구
310,위치
311,권선
312,지산
313,서구
314,수유제
315,분평동
316,일산동구
317,나주시
318,충청북도
319,서부
320,중산동
321,광주광역시
322,창원시
323,전국
324,빛가람동
325,나운
326,수성구
327,장천동
328,동천동
329,거창군
330,수정구
331,용인시
332,해운대구
333,김해시
334,양
335,남양주시
336,수송동
337,관악구
338,청주시
339,다산
340,혜화동
341,경기도
342,남구
343,남동구
344,장량동
345,대전광역시
346,수진
347,죽전
348,유성구
349,전라북도
350,반송제
351,군산시
352,구미시
353,경산시
354,대구광역시
355,임오동
356,풍산동
357,진천동
358,부평구
359,권선구
360,종로구
361,경상남도
362,진해구
363,인천광역시
364,성남시
365,부산광역시
366,고양시
367,동래구
368,전라남도
369,강북구
370,달서구
371,제주시
372,홍제제
373,용현
374,복현
375,내당
376,석동
377,논현
378,서울특별시
379,경상북도
380,양지동
381,서대문구
382,익산시
383,아이콘
384,수지구
385,초지동
386,동
387,이곡
388,좌제
389,구암
390,광진구
391,안산시
392,송파구
393,평거동
394,성북구
395,북구
396,일산서구
397,위치
398,단원구
399,금천구
400,진관동
401,서구
402,송산동
403,수유제
404,화양동
405,평창동
406,송천
407,창원시
408,선주원남동
409,도봉제
410,전국
411,나운
412,활천동
413,화성시
414,마산회원구
415,수정구
416,용인시
417,간석
418,해운대구
419,문래동
420,별양동
421,김해시
422,남양주시
423,수송동
424,관악구
425,시흥시
426,혜화동
427,도봉구
428,경기도
429,남구
430,전주시
431,남동구
432,평택시
433,대전광역시
434,수진
435,화원읍
436,월곡제
437,전라북도
438,군산시
439,덕진구
440,진주시
441,구미시
442,도담동
443,영등포구
444,대구광역시
445,대야동
446,신동
447,대조동
448,비전
449,관저
450,달성군
451,함안군
452,와동
453,영등
454,종로구
455,동작구
456,시흥제
457,성복동
458,경상남도
459,화도읍
460,인천광역시
461,칠원읍
462,고양시
463,성남시
464,부산광역시
465,북부동
466,세종특별자치시
467,강북구
468,달서구
469,삼전동
470,홍제제
471,과천시
472,복현
473,주안
474,중앙동
475,내당
476,국우동
477,은평구
478,여주시
479,서울특별시
480,둔산
481,상도제
482,경상북도
483,안동시
484,봉담읍
485,용상동
486,서대문구
487,가경동
488,익산시
489,등촌제
490,아이콘
491,충청남도
492,대원동
493,동
494,수지구
495,수원시
496,오금동
497,원주시
498,당감제
499,퇴계동
500,이곡
501,춘천시
502,좌제
503,양산동
504,효덕동
505,송파구
506,합정동
507,신곡
508,신창동
509,분당구
510,북구
511,위치
512,신정
513,구갈동
514,동안구
515,서구
516,마포구
517,유가읍
518,목
519,울산광역시
520,문화
521,충청북도
522,상동
523,광주광역시
524,달동
525,의정부시
526,전국
527,광산구
528,구로디지털단지역
529,수성구
530,호선
531,모현읍
532,별내동
533,공주시
534,안양시
535,남가좌제
536,수정구
537,용인시
538,해운대구
539,김해시
540,남양주시
541,선산읍
542,청주시
543,수도권
544,중구
545,부산진구
546,혜화동
547,경기도
548,정자
549,남구
550,동대문구
551,강서구
552,매탄
553,고등동
554,평택시
555,대전광역시
556,노량진제
557,동구
558,번제
559,죽전
560,유성구
561,흥덕구
562,전라북도
563,구미시
564,처인구
565,답십리제
566,도담동
567,대구광역시
568,기흥구
569,신동
570,강원도
571,단구동
572,임오동
573,양천구
574,진천동
575,송산
576,주월
577,달성군
578,함안군
579,권선구
580,동작구
581,종로구
582,경상남도
583,영통구
584,전하
585,칠원읍
586,성남시
587,북부동
588,부산광역시
589,송탄동
590,우산동
591,호매실동
592,세종특별자치시
593,강북구
594,달서구
595,진접읍
596,내당
597,웅진동
598,본리동
599,신성동
600,서울특별시
601,상도제
602,관양
603,오산시
604,경상북도
605,안동시
606,용상동
607,서대문구
608,강동구
609,서북구
610,아이콘
611,군포
612,충청남도
613,동
614,명일제
615,수원시
616,삼산
617,광진구
618,송파구
619,포항시
620,옥암동
621,서원동
622,부평
623,부천시
624,위치
625,구갈동
626,동안구
627,회천
628,서구
629,마포구
630,진영읍
631,화양동
632,만안구
633,일산동구
634,양주시
635,노원구
636,동해면
637,중산동
638,광주광역시
639,왜관읍
640,전국
641,광산구
642,공릉
643,수성구
644,모현읍
645,부성
646,안양시
647,가동
648,용인시
649,간석
650,김해시
651,회기동
652,남양주시
653,관악구
654,아현동
655,시흥시
656,다산
657,도봉구
658,상
659,경기도
660,남구
661,동대문구
662,남동구
663,창제
664,고등동
665,대전광역시
666,첨단
667,칠곡군
668,구미시
669,아산시
670,처인구
671,가락본동
672,다사읍
673,대구광역시
674,대야동
675,군포시
676,기흥구
677,수성
678,삼성
679,서초구
680,임오동
681,온양
682,관저
683,귀인동
684,대명
685,안양
686,부평구
687,달성군
688,함안군
689,동작구
690,경상남도
691,인천광역시
692,면목제
693,칠원읍
694,고양시
695,북부동
696,부산광역시
697,양주
698,천안시
699,목포시
700,전라남도
701,팔달구
702,달서구
703,대연제
704,강남구
705,주안
706,흑석동
707,본리동
708,반포
709,서울특별시
710,중랑구
711,둔산
712,경상북도
713,쌍문제
714,아이콘
715,오금동
716,동
717,검암경서동
718,제주특별자치도
719,광진구
720,송파구
721,장유
722,진량읍
723,부평
724,순천시
725,분당구
726,위치
727,서구
728,유가읍
729,화양동
730,일산동구
731,미아동
732,광안제
733,이로동
734,창원시
735,백현동
736,의정부시
737,전국
738,수성구
739,장천동
740,용인시
741,김해시
742,회기동
743,관악구
744,혜화동
745,하남시
746,경기도
747,남구
748,이매
749,동대문구
750,남동구
751,강서구
752,대학동
753,성현동
754,답십리제
755,식사동
756,봉천동
757,경산시
758,대구광역시
759,기흥구
760,범어
761,역촌동
762,덕풍
763,송산
764,부평구
765,달성군
766,함안군
767,구월
768,종로구
769,경상남도
770,외도동
771,진해구
772,인천광역시
773,칠원읍
774,성남시
775,부산광역시
776,고양시
777,기흥동
778,검단
779,서농동
780,신림동
781,목포시
782,전라남도
783,강북구
784,대연제
785,강남구
786,제주시
787,용현
788,주안
789,화곡본동
790,수영구
791,석동
792,논현
793,은평구
794,고산
795,서울특별시
796,경상북도
797,아이콘
798,충청남도
799,동
800,검암경서동
801,안산시
802,송파구
803,응암제
804,순천시
805,서원구
806,북구
807,부천시
808,역곡
809,위치
810,신정
811,동안구
812,구로구
813,조촌동
814,서구
815,분평동
816,만안구
817,노원구
818,신도림동
819,울산광역시
820,충청북도
821,송천
822,불암동
823,월성
824,반구
825,의정부시
826,전국
827,장천동
828,활천동
829,화성시
830,청룡동
831,안양시
832,평촌동
833,김해시
834,회기동
835,관악구
836,청주시
837,중구
838,이문제
839,동두천시
840,봉양읍
841,사직제
842,운서동
843,경기도
844,가흥
845,남구
846,동대문구
847,전주시
848,박달
849,동탄
850,대전광역시
851,동구
852,장지동
853,도평동
854,전라북도
855,덕진구
856,송내동
857,구미시
858,아산시
859,영주시
860,사상구
861,대구광역시
862,상록구
863,임오동
864,온양
865,관저
866,송산
867,하망동
868,안양
869,상계
870,함안군
871,경상남도
872,호원
873,인천광역시
874,칠원읍
875,부산광역시
876,동래구
877,전라남도
878,달서구
879,삼락동
880,강남구
881,제천시
882,논현
883,은평구
884,사동
885,서울특별시
886,경상북도
887,화명제
